locode,country,location,port_name,subdivision,status,function,coordinates
NOAAA,NO,AAA,A i Lofoten,18,AA,1-------,6753N 01259E
NOAAV,NO,AAV,Alvik,12,AA,1-3-----,6025N 00625E
NOABE,NO,ABE,Abelnes,10,AA,1-3-----,5814N 00640E
NOABV,NO,ABV,Abelvar,17,AA,1-------,6444N 01111E
NOADN,NO,ADN,Andenes,18,AA,1-34----,6919N 01608E
NOAES,NO,AES,Alesund,15,AF,1-34----,6228N 00609E
NOAFS,NO,AFS,Anfinnsletta,18,AA,1-------,6820N 01526E
NOAFT,NO,AFT,Agnefest,10,AA,1-3-----,5807N 00702E
NOAGK,NO,AGK,Agskardet,18,AA,1-------,6643N 01329E
NOAGO,NO,AGO,Agotnes,12,AF,1-3-----,6024N 00501E
NOAHM,NO,AHM,Aheim,15,RL,1-------,6202N 00531E
NOAKK,NO,AKK,Akkarfjord,20,AA,1-------,7047N 02327E
NOAKM,NO,AKM,Akrehamn,11,AA,1-------,5915N 00510E
NOALE,NO,ALE,Alefjar,10,AA,1-------,5814N 00801E
NOALF,NO,ALF,Alta,20,AA,1-34----,6958N 02314E
NOALV,NO,ALV,Alvika,15,AA,1-------,6229N 00623E
NOAND,NO,AND,Andalsnes,15,AF,123--6--,6234N 00742E
NOANN,NO,ANN,Sannidal,08,RL,1-3-----,5853N 00917E
NOANS,NO,ANS,Ansnes,16,AA,1-------,6338N 00900E
NOARD,NO,ARD,Ardalstangen,14,AA,1-3-----,6114N 00742E
NOARE,NO,ARE,Arendal,09,AA,123-----,5827N 00846E
NOARF,NO,ARF,Arnafjord,14,AA,1-------,6101N 00623E
NOARH,NO,ARH,Ardal - Hjelmeland,11,AA,1-------,5909N 00610E
NOARM,NO,ARM,Arnoyhamn,19,AA,1-------,7003N 02038E
NOASV,NO,ASV,Austevoll,12,AA,1-------,6006N 00509E
NOATA,NO,ATA,Atangen,08,AA,1-------,5852N 00921E
NOATL,NO,ATL,Atloy,14,AA,1-------,6121N 00453E
NOAUE,NO,AUE,Aure,15,AA,1-------,6316N 00831E
NOAUK,NO,AUK,Aukra,15,AA,1-------,6249N 00654E
NOAUL,NO,AUL,Aurland,14,AA,1-------,6054N 00711E
NOAUS,NO,AUS,Austvika,18,RL,1-------,6611N 01314E
NOAVA,NO,AVA,Avaldsnes,11,AA,1-3-----,5921N 00516E
NOAVE,NO,AVE,Averoy,15,AA,1-------,6303N 00740E
NOBAF,NO,BAF,Balsfjord,19,AA,1-------,6914N 01914E
NOBAL,NO,BAL,Baly,10,AA,1-------,5802N 00709E
NOBEL,NO,BEL,Bellvika,19,AA,1-------,6947N 01846E
NOBFJ,NO,BFJ,Bergsfjord,20,AA,1-------,7015N 02147E
NOBGN,NO,BGN,Bergneset,19,RL,1-------,6915N 01921E
NOBGO,NO,BGO,Bergen,12,AA,1234----,6023N 00519E
NOBJD,NO,BJD,Bjordal,14,AA,1-------,6105N 00550E
NOBJF,NO,BJF,Batsfjord,20,AA,1-34----,7038N 02943E
NOBJU,NO,BJU,Bjugn,16,AA,1-------,6345N 00945E
NOBJX,NO,BJX,Bjorkas,02,AA,1-3-----,5947N 01030E
NOBJY,NO,BJY,Bjarkoy,19,AA,1-------,6859N 01632E
NOBKS,NO,BKS,Brekstad,16,RL,1-------,6341N 00941E
NOBKV,NO,BKV,Bjerkvik,18,RL,1-3-----,6833N 01733E
NOBLK,NO,BLK,Bleik,18,RL,1-------,6916N 01557E
NOBLL,NO,BLL,Ballangen,18,AA,1-------,6820N 01650E
NOBLO,NO,BLO,Blokken,18,AA,1-------,6836N 01523E
NOBLS,NO,BLS,Balestrand,14,AA,1-------,6112N 00632E
NOBLV,NO,BLV,Blomvag,12,AA,1-------,6032N 00453E
NOBNN,NO,BNN,Bronnoysund,18,AA,1-34----,6528N 01212E
NOBOE,NO,BOE,Boneset - Karmoy,11,AA,1-------,5922N 00517E
NOBOG,NO,BOG,Bogen,18,RL,1-3-----,6831N 01659E
NOBOK,NO,BOK,Bokn,11,AA,1-------,5913N 00526E
NOBOM,NO,BOM,Bomlo,12,AA,1-------,5936N 00513E
NOBON,NO,BON,Bognes,18,AA,1-------,6813N 01604E
NOBOO,NO,BOO,Bodo,18,AA,1234----,6717N 01422E
NOBOS,NO,BOS,Borkenes,19,RL,1-3-----,6846N 01610E
NOBOV,NO,BOV,Bovagen - Radoy,12,AA,1-3-----,6042N 00455E
NOBRH,NO,BRH,Brensholmen,19,AA,1-------,6936N 01802E
NOBRN,NO,BRN,Brandasund,12,AA,1-------,5954N 00506E
NOBRV,NO,BRV,Brattvag,15,AA,1-3-----,6236N 00626E
NOBSD,NO,BSD,Ballstad,18,RL,1-------,6804N 01333E
NOBSF,NO,BSF,Brandsfjord,16,AA,1-------,6411N 01021E
NOBTH,NO,BTH,Botnhamn,19,RL,1-3-----,6931N 01754E
NOBTN,NO,BTN,Botnaneset - Flora,14,AA,1-------,6137N 00504E
NOBTS,NO,BTS,Brettesnes,18,RL,1-------,6814N 01452E
NOBUF,NO,BUF,Burfjord,19,AA,1-------,6956N 02203E
NOBUG,NO,BUG,Bugoynes,20,RL,1-3-----,6958N 02938E
NOBUV,NO,BUV,Buvika,16,AF,1-3-----,6208N 01142E
NOBVB,NO,BVB,Breivikbotn,20,RL,1-3-----,7035N 02217E
NOBVG,NO,BVG,Berlevag,20,AI,1--4----,7051N 02906E
NOBVK,NO,BVK,Brevik,08,AA,1-3-----,5903N 00942E
NOBVR,NO,BVR,Breiviga,11,AA,1-------,5905N 00554E
NOBYN,NO,BYN,Byggnes - Karmoy,11,AA,1-------,5918N 00518E
NOBYR,NO,BYR,Byrknesoy,14,AA,1-------,6054N 00450E
NOBYS,NO,BYS,Bygstad,14,RL,1-------,6123N 00540E
NODBY,NO,DBY,Nordby,02,RL,1----6--,5956N 01134E
NODDY,NO,DDY,Espenesbogen,19,AA,1-------,6907N 01745E
NODER,NO,DER,Sperrebotn,01,AA,1-3-----,5927N 01048E
NODFJ,NO,DFJ,Dafjord,19,AA,1-------,6959N 01924E
NODIM,NO,DIM,Dimmelsvik,12,RL,1-3-----,5957N 00559E
NODIR,NO,DIR,Dirdal,11,AA,1-------,5850N 00610E
NODJU,NO,DJU,Djupvik,19,RL,1-3-----,6945N 02030E
NODOL,NO,DOL,Dolmoy,16,AA,1-------,6339N 00847E
NODRG,NO,DRG,Drag,18,AA,1-------,6802N 01604E
NODRK,NO,DRK,Drobak,02,AA,1-3-----,5939N 01037E
NODRM,NO,DRM,Drammen,06,AA,123-----,5944N 01014E
NODSF,NO,DSF,Dale,14,AA,1-3-----,6122N 00525E
NODUS,NO,DUS,Dusavik,11,RL,1-------,5900N 00539E
NODYD,NO,DYD,Dyrstad,14,RL,1-3-----,6146N 00511E
NODYL,NO,DYL,Dyroyhamn,19,AA,1-------,6901N 01726E
NODYR,NO,DYR,Dyrvik,16,AF,1-3-----,6346N 00850E
NOEDD,NO,EDD,Eidsdal,15,AA,1-------,6216N 00710E
NOEDE,NO,EDE,Eide,15,AA,1-------,6254N 00727E
NOEDF,NO,EDF,Eidfjord,12,AA,1-------,6028N 00704E
NOEDS,NO,EDS,Eide Sotra,12,AA,1-------,6015N 00504E
NOEDT,NO,EDT,Eidet,18,AA,1-------,6844N 01435E
NOEGE,NO,EGE,Egersund,11,AA,1-3-----,5827N 00600E
NOEGG,NO,EGG,Eggesbones,15,AA,1-3-----,6219N 00538E
NOEIF,NO,EIF,Eidangerfjorden,08,AA,1-------,5904N 00942E
NOEIK,NO,EIK,Eikefjord,14,RL,1-3-----,6135N 00528E
NOEIL,NO,EIL,Eidslandet,12,RL,1-3-----,6043N 00547E
NOEKF,NO,EKF,Eikefet,12,AA,1-------,6042N 00533E
NOELL,NO,ELL,Ellingsoy,15,AA,1-3-----,6230N 00620E
NOELN,NO,ELN,Elnesvagen,15,RL,1-3-----,6251N 00708E
NOELO,NO,ELO,Eikelandsosen,12,RL,1-3-----,6014N 00545E
NOENG,NO,ENG,Engene,06,RL,1-3-----,5941N 01032E
NOERF,NO,ERF,Erfjord - Suldal,11,AA,1-------,5920N 00613E
NOESP,NO,ESP,Espevik,11,RL,1-3-----,5919N 00540E
NOETN,NO,ETN,Etne,12,AA,1-------,5939N 00555E
NOEVT,NO,EVT,Evenestangen,18,AA,1-------,6801N 01600E
NOEVV,NO,EVV,Eivindvik,14,RL,1-3-----,6059N 00505E
NOEYD,NO,EYD,Eydehavn,09,AA,1-3-----,5829N 00852E
NOFAN,NO,FAN,Farsund,10,AA,1-34----,5805N 00648E
NOFAU,NO,FAU,Fauske,18,AA,123-----,6715N 01523E
NOFAX,NO,FAX,Fagerstrand,08,AF,1-3-----,5956N 00848E
NOFBL,NO,FBL,Fiskebol,18,AA,1-------,6826N 01449E
NOFDE,NO,FDE,Forde,14,AA,1-34----,6127N 00550E
NOFED,NO,FED,Fedje,12,AA,1-------,6046N 00442E
NOFFB,NO,FFB,Finnfjordbotn,19,RL,1-3-----,6913N 01805E
NOFFD,NO,FFD,Flekkefjord,10,AA,123-----,5817N 00639E
NOFIN,NO,FIN,Finneidfjord,18,AA,1-------,6611N 01347E
NOFIT,NO,FIT,Fitjar,12,AA,1-------,5955N 00519E
NOFJL,NO,FJL,Fjelldal,18,AA,1-3-----,6833N 01630E
NOFKG,NO,FKG,Frekhaug,12,RL,1-3-----,6031N 00514E
NOFLA,NO,FLA,Flam,14,RL,123-----,6052N 00707E
NOFLM,NO,FLM,Flem,15,AA,1-------,6241N 00614E
NOFLO,NO,FLO,Florvag,12,RL,1-3-----,6025N 00514E
NOFLR,NO,FLR,Flora,14,RL,1-------,6136N 00502E
NOFLY,NO,FLY,Flatoy,12,AA,1-------,6032N 00515E
NOFND,NO,FND,Finneid,18,AA,1-------,6715N 01525E
NOFNE,NO,FNE,Finnsnes,19,AA,1-3-----,6913N 01758E
NOFNN,NO,FNN,Fonnes,12,RL,1-------,6049N 00458E
NOFNS,NO,FNS,Fornes,19,AA,1-------,6852N 01728E
NOFNY,NO,FNY,Finnoy,11,AA,1-------,5910N 00548E
NOFOA,NO,FOA,Froan,16,AA,1-------,6359N 00905E
NOFOI,NO,FOI,Fossing,08,AA,1-------,5856N 00928E
NOFOL,NO,FOL,Follafoss,17,AF,1-3-----,6359N 01106E
NOFON,NO,FON,Foroy,18,AA,1-------,6644N 01331E
NOFOR,NO,FOR,Forsand,11,AA,1-------,5854N 00605E
NOFOS,NO,FOS,Fosnavag,15,AA,1-3-----,6220N 00538E
NOFRK,NO,FRK,Fredrikstad,01,AA,123-----,5912N 01055E
NOFRO,NO,FRO,Floro,14,AA,1-34----,6136N 00501E
NOFRS,NO,FRS,Forus,11,AA,123-----,5853N 00545E
NOFSD,NO,FSD,Fjellstrand,12,AA,1-3-----,6013N 00558E
NOFSK,NO,FSK,Fiskabygd - Vanylven,15,AA,1-------,6206N 00533E
NOFSL,NO,FSL,Forsol,20,AA,1-------,7043N 02349E
NOFST,NO,FST,Fiskarstrand,15,AA,1-------,6227N 00617E
NOFSV,NO,FSV,Festvag,18,AA,1-------,6726N 01446E
NOFUS,NO,FUS,Fusa,12,AA,1-------,6012N 00537E
NOFYS,NO,FYS,Fjarland,14,AA,1-------,6124N 00644E
NOGAM,NO,GAM,Gamvik,20,AA,1-------,7103N 02815E
NOGHV,NO,GHV,Gunhildvagen,14,AA,1-------,6135N 00500E
NOGIK,NO,GIK,Gismarvik,11,AA,1-------,5919N 00523E
NOGJD,NO,GJD,Gjosundet,15,RL,1-------,6232N 00608E
NOGJV,NO,GJV,Gjesvar,20,AA,1-------,7106N 02523E
NOGLO,NO,GLO,Glomfjord,18,AA,1-3-----,6648N 01356E
NOGOO,NO,GOO,Godoya,15,AA,1-------,6228N 00601E
NOGOT,NO,GOT,Grotavar,19,AA,1-------,6858N 01615E
NOGPN,NO,GPN,Gaupne,14,RL,1-3-----,6124N 00718E
NOGRD,NO,GRD,Gravdal,18,RL,1-------,6807N 01330E
NOGRF,NO,GRF,Grovfjord,19,AA,1-------,6841N 01707E
NOGRP,NO,GRP,Grip,15,AA,1-------,6313N 00736E
NOGRS,NO,GRS,Grytestranda,15,AA,1-------,6232N 00622E
NOGRV,NO,GRV,Granvin,12,AA,1-------,6031N 00642E
NOGRY,NO,GRY,Gryllefjord,19,AI,1-------,6922N 01705E
NOGTD,NO,GTD,Grimstad,09,AA,1-3-----,5820N 00835E
NOGUD,NO,GUD,Gudvangen,14,RL,1-------,6051N 00649E
NOGUR,NO,GUR,Gursken,15,RL,1-3-----,6214N 00534E
NOGUT,NO,GUT,Gutvik,17,AA,1-------,6505N 01149E
NOHAE,NO,HAE,Hansnes,19,AA,1-------,6958N 01937E
NOHAL,NO,HAL,Halden,01,AA,123-----,5906N 01122E
NOHAN,NO,HAN,Halvorshavn,06,AA,1-3-----,5935N 01037E
NOHAU,NO,HAU,Haugesund,11,AA,1-34----,5924N 00515E
NOHAV,NO,HAV,Havoysund,20,RL,1-------,7100N 02440E
NOHAZ,NO,HAZ,Halsnoy,12,AA,1-------,5948N 00543E
NOHBT,NO,HBT,Hamnbukt - Porsanger,20,RL,1-------,7005N 02502E
NOHEF,NO,HEF,Herfjord,16,AA,1-------,6400N 01002E
NOHEK,NO,HEK,Hekkelstrand,18,AA,1-------,6824N 01650E
NOHEL,NO,HEL,Hellvik,11,RL,123-----,5828N 00552E
NOHEM,NO,HEM,Haeimsvika,15,RL,1-------,6229N 00642E
NOHEN,NO,HEN,Henningsvar,18,RL,1-------,6809N 01413E
NOHER,NO,HER,Hermansverk,14,RL,1-3-----,6111N 00650E
NOHES,NO,HES,Hestvika,16,AA,1-------,6334N 00912E
NOHET,NO,HET,Heroysundet,12,AA,1-------,5955N 00547E
NOHEV,NO,HEV,Helligvar,18,,1-------,6724N 01332E
NOHEY,NO,HEY,Heroy,15,RL,1-------,6020N 00538E
NOHFL,NO,HFL,Hammerfall,18,AA,1-------,6724N 01532E
NOHFT,NO,HFT,Hammerfest,20,AA,1-34----,7039N 02340E
NOHGR,NO,HGR,Hegreneset,12,RL,1-------,6025N 00518E
NOHHA,NO,HHA,Hufthammar,12,AA,1-------,6007N 00512E
NOHJJ,NO,HJJ,Hjelset,15,AA,1-------,6247N 00729E
NOHJL,NO,HJL,Hjelmeland,11,AI,1-3-----,5914N 00611E
NOHJO,NO,HJO,Hjorungavag,15,RL,1-3-----,6221N 00604E
NOHKR,NO,HKR,Helle - Kragero,08,AA,1-------,5854N 00924E
NOHLB,NO,HLB,Hoylandsbygda,12,RL,1-3-----,5947N 00548E
NOHLE,NO,HLE,Helle - Forsand,11,AA,1-------,5852N 00609E
NOHLL,NO,HLL,Hollen,10,RL,1-3-----,5805N 00749E
NOHLS,NO,HLS,Halsa,15,AA,1-------,6303N 00813E
NOHMV,NO,HMV,Hummelvik,20,AA,1-------,7015N 02147E
NOHNE,NO,HNE,Hemnesberget,18,RL,1-------,6614N 01338E
NOHOA,NO,HOA,Holla,16,RL,1-------,6319N 00909E
NOHOF,NO,HOF,Hof,07,AA,1----6--,5933N 01002E
NOHOG,NO,HOG,Hogset,18,AA,1-3-----,6708N 01501E
NOHOK,NO,HOK,Hommelvik,16,AA,123-----,6324N 01046E
NOHOL,NO,HOL,Holmestrand,07,AA,123-----,5929N 01018E
NOHOO,NO,HOO,Horsoy,12,AA,1-------,6026N 00510E
NOHOR,NO,HOR,Horten,07,AA,123-----,5924N 01029E
NOHOT,NO,HOT,Hanoytangen,12,AA,1-------,6026N 00506E
NOHOY,NO,HOY,Husoy - Tonsberg,07,AA,1-3-----,5914N 01027E
NOHRD,NO,HRD,Harstad,19,AA,1-3-----,6847N 01632E
NOHRI,NO,HRI,Hareid,15,AA,1-3-----,6222N 00602E
NOHRO,NO,HRO,Heroy,18,RL,1-3-----,6559N 01218E
NOHRR,NO,HRR,Herre,08,AA,1-------,5906N 00934E
NOHRS,NO,HRS,Haroysundet,15,RL,1-3-----,6253N 00657E
NOHRV,NO,HRV,Hordvik,12,AA,1-3-----,6031N 00518E
NOHRY,NO,HRY,Heroya,08,AF,123-----,5907N 00937E
NOHSA,NO,HSA,Halsa Meloy,18,AA,1-------,6644N 01331E
NOHSL,NO,HSL,Hovland,12,AA,1-------,6014N 00637E
NOHSO,NO,HSO,Husoy - Karmoy,11,AA,1-------,5920N 00518E
NOHSS,NO,HSS,Husoy - Lenvik,19,AA,1-------,6932N 01740E
NOHSV,NO,HSV,Hausvikstrand,10,AA,1-------,5802N 00659E
NOHSY,NO,HSY,Hellesylt,15,RL,1-3-----,6205N 00652E
NOHUD,NO,HUD,Hundeidvika,15,AA,1-------,6222N 00625E
NOHUS,NO,HUS,Husnes,12,AA,1-3-----,5952N 00546E
NOHVG,NO,HVG,Honningsvag,20,AA,1-34----,7058N 02558E
NOHVI,NO,HVI,Havik,18,AA,1-3-----,5918N 00519E
NOHVK,NO,HVK,Hasvik,20,AA,1-------,7028N 02209E
NOHVS,NO,HVS,Hvasser,07,AA,1-------,5905N 01027E
NOHYL,NO,HYL,Hyllestad,14,AA,1-------,6110N 00517E
NOHYR,NO,HYR,Hoyanger,14,AA,1-3-----,6113N 00603E
NOIDR,NO,IDR,Inndyr,18,AA,1-------,6702N 01401E
NOIGE,NO,IGE,Igeroy,18,AA,1-------,6541N 01208E
NOIGL,NO,IGL,Iglandsvik,14,AA,1-------,6150N 00456E
NOIKA,NO,IKA,Vikan,18,AA,1-------,6712N 01433E
NOIKR,NO,IKR,Ikornnes,15,AA,1-3-----,6223N 00633E
NOINN,NO,INN,Innhavet,18,AA,1-------,6758N 01555E
NOINV,NO,INV,Innvik,14,RL,1-3-----,6151N 00637E
NOISY,NO,ISY,Ingoy,20,AA,1-------,7105N 02404E
NOJAN,NO,JAN,Jakobsnes,20,AA,1-------,6944N 03006E
NOJEL,NO,JEL,Jelsa,11,RL,1-3-----,5920N 00601E
NOJON,NO,JON,Jondal,12,AA,1-------,6016N 00614E
NOJOS,NO,JOS,Jossingfjord,11,AA,1-------,5819N 00621E
NOJOV,NO,JOV,Jovik,19,AA,1-------,6936N 01949E
NOJOY,NO,JOY,Jarlsoy,07,AA,1-------,5915N 01028E
NOKAB,NO,KAB,Kabelvag,18,AA,1-------,6813N 01429E
NOKAH,NO,KAH,Karvikhamn,19,AA,1-------,6924N 01809E
NOKAN,NO,KAN,Kalvneset,14,AA,1-------,6156N 00527E
NOKAR,NO,KAR,Karsto,11,AF,1-------,5916N 00531E
NOKBV,NO,KBV,Kobbvagen,18,AA,1-------,6844N 01432E
NOKDF,NO,KDF,Kaldfjord,19,AA,1-------,6941N 01844E
NOKDL,NO,KDL,Kvanndal,12,RL,1-3-----,6029N 00636E
NOKGF,NO,KGF,Kongsfjord,20,AA,1-------,7043N 02919E
NOKIA,NO,KIA,Kvithylla,16,AA,1-------,6334N 00954E
NOKIL,NO,KIL,Kilvik,18,AA,1-------,6644N 01354E
NOKIR,NO,KIR,Kirkehamn,10,AA,1-------,5814N 00632E
NOKIV,NO,KIV,Kinsarvik,12,AA,1-3-----,6022N 00643E
NOKJB,NO,KJB,Kjorebonn,08,AA,1-------,5854N 00929E
NOKJE,NO,KJE,Kjerringoy,18,AA,1-------,6731N 01446E
NOKJF,NO,KJF,Kjollefjord,20,RL,1-3-----,7056N 02720E
NOKJK,NO,KJK,Kjopsvik,18,AA,1-3-----,6805N 01621E
NOKKK,NO,KKK,Kvelde,,RL,1-------,5912N 00958E
NOKKN,NO,KKN,Kirkenes,20,AA,1-34----,6943N 03002E
NOKLD,NO,KLD,Kolvereid,17,AA,1-------,6327N 01025E
NOKLE,NO,KLE,Kleppesto,12,RL,1-3-----,6025N 00514E
NOKMN,NO,KMN,Karhamn,20,AA,1-------,7033N 02309E
NOKMO,NO,KMO,Kambo,01,AA,123-----,5928N 01041E
NOKMS,NO,KMS,Kjopmannskjar,07,RL,1-------,5910N 01022E
NOKOL,NO,KOL,Kollsnes Ost,12,RL,1-------,6055N 00453E
NOKON,NO,KON,Kollsnes,12,RL,1-------,6034N 00449E
NOKOP,NO,KOP,Kopervik,11,AA,1-3-----,5917N 00518E
NOKPG,NO,KPG,Kaupanger,14,AA,1-3-----,6110N 00714E
NOKRA,NO,KRA,Kragero,08,AA,123-----,5852N 00924E
NOKRS,NO,KRS,Kristiansand,10,AA,123-----,5808N 00759E
NOKRV,NO,KRV,Knarrevik,12,RL,1-------,6022N 00509E
NOKSU,NO,KSU,Kristiansund,15,AA,1-34----,6306N 00744E
NOKSY,NO,KSY,Kvitsoy,11,AA,1-------,5903N 00525E
NOKUV,NO,KUV,Kuvika,20,RL,1-------,7103N 02554E
NOKVF,NO,KVF,Kvafjord,19,AI,1-------,5802N 00718E
NOKVG,NO,KVG,Kalvag,14,AA,1-------,6146N 00453E
NOKVL,NO,KVL,Kristoffervalen,19,AA,1-------,7007N 01959E
NOKVR,NO,KVR,Kvafjord,19,RL,1-------,6846N 01610E
NOKVS,NO,KVS,Kvalsund,20,AA,1-------,7030N 02358E
NOKVV,NO,KVV,Kvalvika,18,AA,1-------,6718N 01423E
NOKYR,NO,KYR,Kyrksaterora,16,AA,1-3-----,6317N 00905E
NOLAD,NO,LAD,Langesund,08,AA,1-3-----,5900N 00944E
NOLAG,NO,LAG,Langevag,12,AA,1-------,5937N 00515E
NOLAN,NO,LAN,Langevag - Sula,15,AA,1-3-----,6226N 00613E
NOLAO,NO,LAO,Langoya,07,AA,1-------,5930N 01023E
NOLAR,NO,LAR,Larvik,07,AA,123-----,5902N 01001E
NOLAS,NO,LAS,Lenangen Sondre,19,AA,1-------,6949N 01959E
NOLAV,NO,LAV,Lavangen,19,AA,1-------,6845N 01747E
NOLAY,NO,LAY,Lenangsoyra,19,AA,1-------,6949N 01959E
NOLEA,NO,LEA,Leirvik i Hyllestad,14,AA,1-------,6107N 00520E
NOLEF,NO,LEF,Leirfjord,18,AA,1-------,6603N 01257E
NOLEP,NO,LEP,Leirpollen,20,RL,1-3-----,7027N 02829E
NOLES,NO,LES,Lenvik,19,RL,1-------,6926N 01809E
NOLEV,NO,LEV,Levanger,17,AA,123-----,6345N 01117E
NOLFF,NO,LFF,Listraumen,14,AA,1-------,6108N 00512E
NOLGS,NO,LGS,Langstein,17,AA,1-------,6333N 01053E
NOLIA,NO,LIA,Liavag,15,AA,1-------,6221N 00604E
NOLID,NO,LID,Liland,18,,1-------,6820N 01445E
NOLIL,NO,LIL,Lillesand,09,AA,1-3-----,5814N 00822E
NOLIT,NO,LIT,Litangen,08,AA,1-------,5851N 00918E
NOLKN,NO,LKN,Leknes,18,AI,1-34----,6809N 01336E
NOLKV,NO,LKV,Leksvik,17,AA,1-------,6340N 01037E
NOLNE,NO,LNE,Leines,18,AA,1-------,6744N 01446E
NOLOD,NO,LOD,Lodingen,18,AA,1-3-----,6825N 01559E
NOLOE,NO,LOE,Loen,14,RL,1-3-----,6152N 00650E
NOLON,NO,LON,Lonevag,12,AA,1-------,6032N 00529E
NOLOV,NO,LOV,Lovund,18,RL,1-3-----,6622N 01223E
NOLRA,NO,LRA,Lura,11,RL,1-3-----,5852N 00544E
NOLRD,NO,LRD,Lardal,14,AA,1-------,6106N 00727E
NOLRE,NO,LRE,Lessremman,18,AA,1-------,6522N 01229E
NOLRI,NO,LRI,Leirvik,12,AA,1-3-----,5946N 00530E
NOLRK,NO,LRK,Larkollen,01,AA,1-3-----,5920N 01039E
NOLSU,NO,LSU,Lysoysund,16,RL,1-------,6353N 00952E
NOLUL,NO,LUL,Lutelandet,14,AA,1-------,6115N 00458E
NOLUR,NO,LUR,Luroy,18,AA,1-------,6625N 01250E
NOLUS,NO,LUS,Luster,14,AA,1-------,6126N 00727E
NOLVG,NO,LVG,Laksevag,12,RL,1-3-----,6023N 00518E
NOLVK,NO,LVK,Laukvik,18,RL,1-------,6823N 01425E
NOLYD,NO,LYD,Lyngseidet,19,AA,1-------,6935N 02013E
NOLYF,NO,LYF,Lysebotn,11,RL,1-3-----,5903N 00640E
NOLYS,NO,LYS,Lysaker,02,AF,123-----,5954N 01036E
NOMAH,NO,MAH,Maurholen,11,AA,1-------,5828N 00555E
NOMAN,NO,MAN,Mandal,10,AA,1-3-----,5801N 00727E
NOMAT,NO,MAT,Matre - Masfjorden,12,AA,1-------,6053N 00534E
NOMAU,NO,MAU,Mausund,16,AA,1-------,6352N 00840E
NOMAY,NO,MAY,Maloy,14,AF,1-3-----,6156N 00506E
NOMEH,NO,MEH,Mehamn,20,AA,1-34----,7102N 02750E
NOMEL,NO,MEL,Melbu,18,AA,1-3-----,6829N 01448E
NOMEN,NO,MEN,Menstad,08,AF,1-------,5910N 00938E
NOMEV,NO,MEV,Melsomvik,07,RL,1-3-----,5913N 01020E
NOMGR,NO,MGR,Manger,12,RL,1-------,6038N 00500E
NOMID,NO,MID,Midsund,15,AA,1-------,6240N 00640E
NOMIS,NO,MIS,Misvar,18,RL,1-------,6707N 01459E
NOMIT,NO,MIT,Misten,18,AA,1-------,6727N 01444E
NOMJF,NO,MJF,Mosjoen,18,AF,1234----,6550N 01312E
NOMLK,NO,MLK,Melkoya,20,RL,1-------,7041N 02336E
NOMLM,NO,MLM,Malm,17,AA,1-3-----,6404N 01114E
NOMLS,NO,MLS,Melhus,16,AI,1-------,6317N 01016E
NOMLT,NO,MLT,Moldtustranda,15,RL,1-3-----,6217N 00537E
NOMOB,NO,MOB,Mongstadbase,12,AA,1-------,6048N 00504E
NOMOL,NO,MOL,Molde,15,AA,1-34----,6244N 00709E
NOMON,NO,MON,Mongstad,12,AA,1-3-----,6049N 00501E
NOMOR,NO,MOR,Morsvikbotn,18,AA,1-------,6742N 01550E
NOMOS,NO,MOS,Mosterhamn,12,AA,1-------,5942N 00523E
NOMOV,NO,MOV,Molstrevag,12,AA,1-------,5931N 00516E
NOMQN,NO,MQN,Mo i Rana,18,AA,1234----,6619N 01408E
NOMRV,NO,MRV,Muruvika,16,AA,123-----,6326N 01050E
NOMSD,NO,MSD,Mjolstadneset,15,RL,1-------,6219N 00540E
NOMSK,NO,MSK,Moskenes,18,AA,1-------,6753N 01302E
NOMSS,NO,MSS,Moss,01,AA,123-----,5925N 01039E
NOMVV,NO,MVV,Mjolkevikvarden,12,AA,1-------,6033N 00459E
NONEV,NO,NEV,Nevlunghamn,07,AA,1-------,5858N 00952E
NONFD,NO,NFD,Nordfjordeid,14,AA,1-3-----,6154N 00559E
NONFO,NO,NFO,Nordfosen,16,AA,1-------,6357N 01011E
NONHS,NO,NHS,Norheimsund,12,AA,1-3-----,6022N 00608E
NONIA,NO,NIA,Hammarvika - Froya,16,AA,1-------,6341N 00848E
NONKB,NO,NKB,Nordkjosbotn,19,AA,1-3-----,6914N 01921E
NONOL,NO,NOL,Nordlenangen,19,AA,1-------,6955N 02010E
NONOM,NO,NOM,Nordmela,18,AA,1-------,6908N 01541E
NONSF,NO,NSF,Nordskaget - Froya,16,AA,1-------,6343N 00834E
NONSN,NO,NSN,Nesna,18,AI,1-------,6612N 01301E
NONVK,NO,NVK,Narvik,18,AA,1234----,6825N 01725E
NONYE,NO,NYE,Nyelv,20,AA,1-------,7005N 02852E
NONYH,NO,NYH,Nyhamna,15,RL,1-------,6251N 00657E
NONZC,NO,NZC,Larsnes,15,AA,1----6--,6213N 00536E
NONZL,NO,NZL,Glesvar,12,RL,1-3--6--,6012N 00502E
NONZY,NO,NZY,Tromsdalen,19,RL,1-3--6--,6939N 01901E
NOODD,NO,ODD,Odda,12,AA,1-3-----,6004N 00632E
NOOKF,NO,OKF,Oksfjord,20,RL,1-3-----,7014N 02220E
NOOLD,NO,OLD,Olden,14,AA,1-------,6150N 00648E
NOOLL,NO,OLL,Olderdalen,19,AA,1-------,6936N 02031E
NOOLN,NO,OLN,Olen,11,AA,1-------,5936N 00548E
NOOLR,NO,OLR,Oldervik,19,AA,1-------,6945N 01941E
NOOLT,NO,OLT,Frafjord,11,RL,1-3-----,5850N 00618E
NOOLV,NO,OLV,Olve,12,RL,1-------,6001N 00548E
NOOMA,NO,OMA,Omastranda,12,AA,1-------,6013N 00558E
NOOMB,NO,OMB,Ombo,11,AA,1-------,5914N 00601E
NOOOS,NO,OOS,Os,12,AA,1-3-----,6010N 00528E
NOORK,NO,ORK,Orkanger,16,AA,1-3-----,6319N 00950E
NOORS,NO,ORS,Orsta,15,AF,1-------,6211N 00605E
NOORV,NO,ORV,Ortnevik,14,RL,1-3-----,6106N 00608E
NOOSE,NO,OSE,Osnes - Vindafjord,11,AA,1-------,5935N 00534E
NOOSL,NO,OSL,Oslo,03,AA,12345---,5954N 01044E
NOOSY,NO,OSY,Namsos,17,AA,1234----,6427N 01130E
NOOTA,NO,OTA,Ottersoya,18,RL,1-------,6451N 01117E
NOOTO,NO,OTO,Ottersoy,17,AA,1-------,6452N 01117E
NOOYB,NO,OYB,Bogoy,18,AA,1-------,6754N 01511E
NOPOR,NO,POR,Porsgrunn,08,AA,123-----,5908N 00938E
NORAF,NO,RAF,Rafnes,08,AA,1-------,5906N 00934E
NORAM,NO,RAM,Ramsund,18,AA,1-3-----,6829N 01630E
NORBV,NO,RBV,Raudbergvika,15,AA,1-------,6216N 00703E
NORDB,NO,RDB,Randaberg,11,AA,1-------,5900N 00538E
NOREE,NO,REE,Re,07,RL,1-------,5929N 01022E
NOREK,NO,REK,Rekefjord,11,AA,1-3-----,5820N 00615E
NOREN,NO,REN,Rennesoy,11,AA,1-------,5905N 00541E
NOREP,NO,REP,Repparfjord,20,AA,1-------,7027N 02417E
NORES,NO,RES,Raunes - Vindafjord,11,AA,1-------,5926N 00545E
NORET,NO,RET,Rost,18,AA,1--4----,6731N 01208E
NORFJ,NO,RFJ,Reinfjord,19,AA,1-------,7006N 02136E
NORIS,NO,RIS,Risor,09,AA,1-3-----,5843N 00914E
NORIV,NO,RIV,Risavika,11,AA,1-------,5856N 00536E
NORMB,NO,RMB,Ramberg,18,AA,1-------,6805N 01313E
NORMV,NO,RMV,Ramsvika,15,RL,1-------,6257N 00724E
NOROG,NO,ROG,Rognan,18,RL,123-----,6706N 01523E
NOROM,NO,ROM,Gjerdsvika,15,AA,1-3-----,6215N 00533E
NOROV,NO,ROV,Rovde,15,AA,1-------,6211N 00545E
NOROY,NO,ROY,Snaroya,02,RL,12---6--,5953N 01037E
NORPV,NO,RPV,Repvag,20,RL,1-3-----,7045N 02541E
NORSD,NO,RSD,Raudsand,15,AA,1-3-----,6250N 00807E
NORSH,NO,RSH,Risoyhamn,18,RL,1-3-----,6858N 01538E
NORSS,NO,RSS,Rissa,16,RL,1-3-----,6335N 00958E
NORTL,NO,RTL,Rutledal,14,AA,1-------,6104N 00513E
NORUB,NO,RUB,Rubbestadneset,12,RL,1-3-----,5948N 00516E
NORUN,NO,RUN,Runde,15,AA,1-------,6224N 00540E
NORVK,NO,RVK,Rorvik,17,AF,1-34-6--,6451N 01114E
NORYF,NO,RYF,Rypefjord,20,RL,1-3-----,7038N 02340E
NOSAA,NO,SAA,Skaland,19,RL,1-------,6927N 01718E
NOSAC,NO,SAC,Salangsverket,19,AA,1-------,6854N 01743E
NOSAF,NO,SAF,Sandeid,11,AA,1-------,5933N 00550E
NOSAG,NO,SAG,Vormedal,11,RL,1-3-----,5921N 00519E
NOSAI,NO,SAI,Sandviksberget,16,AA,1-------,6419N 01027E
NOSAK,NO,SAK,Stakkvik,19,AA,1-------,6957N 01940E
NOSAL,NO,SAL,Salangen,19,AA,1-------,6852N 01749E
NOSAS,NO,SAS,Sandnes,11,AA,123-----,5851N 00544E
NOSAT,NO,SAT,Salten,18,AA,1-3-----,6722N 01535E
NOSAU,NO,SAU,Sauda,11,AA,1-3-----,5938N 00621E
NOSAX,NO,SAX,Sand,11,AA,1-------,5929N 00615E
NOSAY,NO,SAY,Sandoya,15,AI,1-------,6857N 01640E
NOSBA,NO,SBA,Stord base,12,AA,1-------,5945N 00529E
NOSBT,NO,SBT,Botn - Sandnessjoen,18,AA,1-------,6600N 01239E
NOSBU,NO,SBU,Salsbruket,17,AF,1-------,6448N 01152E
NOSDI,NO,SDI,Sandvika,02,AA,1-------,5953N 01031E
NOSDT,NO,SDT,Stadlandet,14,AA,1-------,6208N 00519E
NOSDZ,NO,SDZ,Stordal,15,AA,1-3-----,6222N 00659E
NOSEJ,NO,SEJ,Seljeli,18,AA,1-------,6608N 01335E
NOSEV,NO,SEV,Selva,16,AA,1-------,6337N 00944E
NOSGJ,NO,SGJ,Straumsgjerde,15,AA,1-3-----,6220N 00635E
NOSGT,NO,SGT,Skorgeneset,15,RL,1-------,6234N 00707E
NOSHT,NO,SHT,Stanghelle,12,AA,1-------,6033N 00544E
NOSID,NO,SID,Savareid,12,RL,1-------,6011N 00546E
NOSIH,NO,SIH,Siholmen,16,AA,1-------,6344N 00850E
NOSIP,NO,SIP,Skipavik - Gulen,12,AA,1-------,6051N 00502E
NOSIS,NO,SIS,Sunde,12,RL,1-3-----,5950N 00543E
NOSJE,NO,SJE,Selje,14,AA,1-------,6202N 00520E
NOSJH,NO,SJH,Senjahopen,19,AA,1-3-----,6930N 01729E
NOSJO,NO,SJO,Sjoholt,15,AA,1-3-----,6228N 00648E
NOSJU,NO,SJU,Sjursoja/Oslo,03,RL,1-3-----,5953N 01046E
NOSJV,NO,SJV,Sjovegan,19,AA,1-------,6853N 01750E
NOSKB,NO,SKB,Skibotn,19,AA,1-3-----,6923N 02015E
NOSKE,NO,SKE,Skien,08,AA,1234----,5912N 00936E
NOSKF,NO,SKF,Skiftun,11,AA,1-------,5917N 00608E
NOSKH,NO,SKH,Skjarhalden,01,AA,1-------,5901N 01102E
NOSKI,NO,SKI,Skjerkoya,08,AA,1-------,5900N 00945E
NOSKK,NO,SKK,Stokksund,16,AA,1-3-----,6402N 01003E
NOSKN,NO,SKN,Stokmarknes,18,AA,1-34----,6834N 01454E
NOSKU,NO,SKU,Skudeneshavn,11,AA,1-3-----,5908N 00516E
NOSKV,NO,SKV,Skalevik,12,RL,1-3-----,6023N 00514E
NOSKX,NO,SKX,Skogn,17,AA,123-----,6342N 01109E
NOSKY,NO,SKY,Skjervoy,19,AA,1-------,7002N 02058E
NOSKZ,NO,SKZ,Skarsvag,20,RL,1-------,7106N 02549E
NOSLD,NO,SLD,Solund,14,AA,1-------,6104N 00450E
NOSLG,NO,SLG,Slagentangen,07,AA,1-3-----,5919N 01030E
NOSLH,NO,SLH,Salthella,12,RL,1-------,6000N 00507E
NOSLM,NO,SLM,Slemmestad,06,AA,1-3-----,5946N 01029E
NOSLN,NO,SLN,Skjolden,14,RL,1-3-----,6129N 00735E
NOSLV,NO,SLV,Slovag,14,AA,1----6--,6051N 00504E
NOSLX,NO,SLX,Sortland,18,AA,1-3-----,6842N 01525E
NOSMO,NO,SMO,Smola,15,AA,1-------,6327N 00800E
NOSNE,NO,SNE,Sogne,10,AI,1-------,5805N 00749E
NOSNF,NO,SNF,Snefjord,20,AA,1-------,7048N 02434E
NOSNL,NO,SNL,Standal,15,AA,1-------,6216N 00626E
NOSNS,NO,SNS,Steinesjoen,18,RL,1-------,6836N 01427E
NOSNV,NO,SNV,Snekkevik,08,AA,1-------,5852N 00918E
NOSOG,NO,SOG,Sogndal,14,AA,1--4----,6113N 00706E
NOSOJ,NO,SOJ,Sorkjosen,19,RL,1-34----,6948N 02056E
NOSOR,NO,SOR,Sorarnoy,18,AA,1-------,6708N 01359E
NOSOS,NO,SOS,Svolvar Osan,18,AA,1-------,6814N 01432E
NOSOV,NO,SOV,Sovik,15,RL,1-3-----,6226N 00645E
NOSOY,NO,SOY,Storoya,11,RL,1-------,5925N 00514E
NOSPG,NO,SPG,Sarpsborg,01,AA,123-----,5916N 01106E
NOSPK,NO,SPK,Skipavik,12,AA,1-------,6004N 00536E
NOSPV,NO,SPV,Spjelkavik,15,AA,1-3-----,6227N 00620E
NOSRA,NO,SRA,Sorreisa,19,AA,1-------,6908N 01807E
NOSRD,NO,SRD,Sigerfjord,18,RL,1-3-----,6838N 01532E
NOSRH,NO,SRH,Skarholmen,12,AA,1-------,6024N 00512E
NOSRK,NO,SRK,Skrolsvik,19,AA,1-------,6904N 01649E
NOSRM,NO,SRM,Straumsnes,18,RL,1-3-----,6839N 01438E
NOSRN,NO,SRN,Stranda,15,AA,1-3-----,6218N 00656E
NOSRO,NO,SRO,Skrova,18,RL,1-3-----,6810N 01440E
NOSRP,NO,SRP,Stord,12,AA,1--4----,5945N 00529E
NOSRS,NO,SRS,Storesund,11,AA,1-------,5925N 00516E
NOSRV,NO,SRV,Sirevag,11,AA,123-----,5830N 00547E
NOSSJ,NO,SSJ,Sandnessjoen,18,AA,1-34----,6601N 01238E
NOSSO,NO,SSO,Straumsjoen,18,AA,1-------,6842N 01428E
NOSSS,NO,SSS,Sistranda,16,AA,1-------,6343N 00850E
NOSTA,NO,STA,Stathelle,08,AA,1-3-----,5902N 00942E
NOSTB,NO,STB,Storebo,12,AA,1-------,6006N 00513E
NOSTE,NO,STE,Steinkjer,17,AF,123-----,6401N 01129E
NOSTH,NO,STH,Steinshamn,15,RL,1-3-----,6247N 00629E
NOSTI,NO,STI,Steinvig,11,AA,1-------,5858N 00600E
NOSTJ,NO,STJ,Stjordal,17,AA,1234----,6328N 01053E
NOSTO,NO,STO,Stokkvagen,18,AA,1-------,6620N 01300E
NOSTR,NO,STR,Stryn,14,AA,1-3-----,6153N 00642E
NOSTU,NO,STU,Stura,12,AA,1-------,6037N 00452E
NOSTV,NO,STV,Stavern,07,AA,1-3-----,5859N 01002E
NOSTX,NO,STX,Sto,18,AA,1-------,6901N 01508E
NOSTY,NO,STY,Stjernoya,20,RL,1-------,7018N 02243E
NOSTZ,NO,STZ,Stranda - Froya,16,AA,1-------,6348N 00841E
NOSUN,NO,SUN,Sunndalsora,15,AF,1-3-----,6240N 00833E
NOSUR,NO,SUR,Surnadal,15,AA,1-3-----,6259N 00838E
NOSUS,NO,SUS,Susort,11,RL,1-------,5917N 00528E
NOSUZ,NO,SUZ,Stamsund,18,AA,1-3-----,6807N 01350E
NOSVB,NO,SVB,Svartebukt,07,AA,1-------,5901N 00950E
NOSVE,NO,SVE,Svelgen,14,AA,1-3-----,6146N 00517E
NOSVG,NO,SVG,Stavanger,11,AI,1234----,5858N 00545E
NOSVI,NO,SVI,Ornes,18,RL,1-3--6--,6652N 01342E
NOSVJ,NO,SVJ,Svolvar,18,AA,1-34----,6813N 01433E
NOSVL,NO,SVL,Savlandsvik,11,AA,1-------,5916N 00511E
NOSVO,NO,SVO,Sveio,12,AI,1-------,5933N 00521E
NOSVR,NO,SVR,Sorvar,20,RL,1-3-----,7038N 02159E
NOSVT,NO,SVT,Stavneset - Rissa,16,AA,1-------,6342N 00957E
NOSVV,NO,SVV,Svelvik,07,AA,1-3-----,5936N 01024E
NOSYK,NO,SYK,Sykkylven,15,AA,1-3-----,6224N 00634E
NOT8N,NO,T8N,Oteren,19,RL,1----6--,6916N 01954E
NOTAE,NO,TAE,Tananger,11,AA,1-3-----,5855N 00535E
NOTAL,NO,TAL,Talavag,12,AA,1-------,6015N 00459E
NOTAU,NO,TAU,Tau,11,AA,1-3-----,5903N 00554E
NOTAV,NO,TAV,Torangsvag,12,RL,1-------,6007N 00510E
NOTBO,NO,TBO,Tjeldbergodden,15,AA,1-------,6328N 00900E
NOTJL,NO,TJL,Tjotta,18,AA,1-------,6549N 01226E
NOTJR,NO,TJR,Tjorvag,15,AA,1-3-----,6217N 00544E
NOTJU,NO,TJU,Torjulvagen,15,AA,1-------,6259N 00815E
NOTMV,NO,TMV,Tromvik,19,RL,1-3-----,6947N 01824E
NOTNN,NO,TNN,Tonnes,18,AA,1-------,6631N 01300E
NOTOF,NO,TOF,Tofte - Hurum,06,AA,1-3-----,5932N 01034E
NOTOM,NO,TOM,Tomrefjord,15,AA,1-3-----,6235N 00655E
NOTON,NO,TON,Tonsberg,07,AA,123-----,5915N 01025E
NOTOR,NO,TOR,Torsken,19,AA,1-------,6920N 01706E
NOTOS,NO,TOS,Tromso,19,AI,1-34----,6940N 01858E
NOTOV,NO,TOV,Tovik,19,RL,1-3-----,6841N 01654E
NOTOY,NO,TOY,Thoroya,07,RL,1-3-----,5906N 01014E
NOTRD,NO,TRD,Trondheim,16,AA,1234----,6326N 01024E
NOTRF,NO,TRF,Sandefjord,07,AA,1234----,5907N 01013E
NOTRN,NO,TRN,Trana,18,RL,1-------,6630N 01206E
NOTRO,NO,TRO,Trollasen,02,RL,123-----,6002N 01002E
NOTSB,NO,TSB,Tyssebotn,12,AA,1-------,6037N 00535E
NOTSX,NO,TSX,Tyssedal,12,AA,1-3-----,6007N 00633E
NOTUF,NO,TUF,Tufjorden,20,AA,1-------,7100N 02354E
NOTVA,NO,TVA,Torsvag,19,AA,1-------,7015N 01930E
NOTVE,NO,TVE,Tvedestrand,09,AA,1-3-----,5837N 00855E
NOTVI,NO,TVI,Torvika,15,AA,1-------,6220N 00544E
NOTYT,NO,TYT,Tytebarvika,19,AA,1-------,6936N 01958E
NOUBO,NO,UBO,Uloybukt,19,AA,1-------,6951N 02042E
NOULE,NO,ULE,Ulstein,15,RL,1-------,6222N 00549E
NOULL,NO,ULL,Ullensvang,12,AA,1-------,6019N 00639E
NOULS,NO,ULS,Ulsteinvik,15,AA,1-3-----,6220N 00550E
NOUME,NO,UME,Straume,12,AA,1-------,6019N 00517E
NOUND,NO,UND,Sund - Karmoy,11,AA,1-------,5918N 00514E
NOUSD,NO,USD,Uskedalen,12,AA,1-3-----,5956N 00551E
NOUTG,NO,UTG,Utgardskilen,01,AA,1-------,5905N 01052E
NOUTH,NO,UTH,Uthaug,16,RL,1-3-----,6343N 00936E
NOUTN,NO,UTN,Utne,12,RL,1-3-----,6025N 00636E
NOUTS,NO,UTS,Utsira,11,AA,1-------,5918N 00453E
NOUTV,NO,UTV,Utvorda,17,AA,1-------,6436N 01057E
NOUVK,NO,UVK,Ulvik,12,AA,1-------,6034N 00655E
NOVAD,NO,VAD,Valldal,15,AA,1-------,6218N 00716E
NOVAE,NO,VAE,Valsneset,16,AA,1-------,6349N 00938E
NOVAG,NO,VAG,Valevag,12,RL,1-3-----,5942N 00528E
NOVAK,NO,VAK,Vaksdal,12,AA,123-----,6028N 00544E
NOVAL,NO,VAL,Valloy,07,AF,1-------,5916N 01030E
NOVAN,NO,VAN,Vanvikan-Leksvik,17,AA,1-3-----,6333N 01014E
NOVAO,NO,VAO,Vardo,20,AA,1-34----,7022N 03106E
NOVBE,NO,VBE,Valberg,08,AA,1-------,5853N 00925E
NOVDA,NO,VDA,Volda,15,AA,1-3-----,6208N 00603E
NOVDL,NO,VDL,Vistdal,15,RL,1-------,6243N 00756E
NOVDS,NO,VDS,Vadso,20,AF,1-34----,7004N 02946E
NOVEG,NO,VEG,Vega,18,AA,1-------,6539N 01200E
NOVEO,NO,VEO,Vengsoy,19,AA,1-------,6950N 01835E
NOVER,NO,VER,Verdal,17,AA,123-----,6347N 01126E
NOVEY,NO,VEY,Varoy,18,AA,1-------,6739N 01242E
NOVHM,NO,VHM,Vadheim,14,RL,1-------,6112N 00549E
NOVHN,NO,VHN,Vikholmen,18,AA,1-------,6612N 01258E
NOVIL,NO,VIL,Vikedal,11,AA,1-------,5930N 00555E
NOVIS,NO,VIS,Vik - Sogn,14,AA,1-3-----,6105N 00635E
NOVKK,NO,VKK,Vikkilen,09,AA,1-------,5822N 00837E
NOVLL,NO,VLL,Voll,11,RL,1-3-----,6812N 01341E
NOVLS,NO,VLS,Vallersund,16,AA,1-------,6351N 00945E
NOVMD,NO,VMD,Vedavagen,11,RL,1-3-----,5917N 00514E
NOVNJ,NO,VNJ,Vinjeora,16,RL,1-------,6312N 00859E
NOVNN,NO,VNN,Vannavalen,19,RL,1-------,7007N 01958E
NOVNS,NO,VNS,Vingsand,16,AA,1-------,6421N 01028E
NOVOH,NO,VOH,Vagaholmen,18,AA,1-------,6643N 01317E
NOVSM,NO,VSM,Vikan - Smola,15,AA,1-3-----,6323N 00812E
NOVSN,NO,VSN,Visnes - Eide,15,AA,1-------,6257N 00724E
NOVST,NO,VST,Vestnes,15,AA,1-3-----,6238N 00704E
NOVTL,NO,VTL,Vartdal,15,AA,1-3-----,6218N 00604E
NOVTS,NO,VTS,Vats,11,AA,1-------,5929N 00544E
NOVVG,NO,VVG,Vagsvag,14,RL,1-3-----,6156N 00503E
NOYTO,NO,YTO,Ytroy,14,AA,1-------,6105N 00441E
NOZNJ,NO,ZNJ,Nusfjord,18,AA,1-------,6802N 01321E
